BEGIN TRANSACTION;
INSERT INTO "apps" ("id","name","uuid","active","description") VALUES (1,'Blue Admin','019155fd-0c66-7ef1-84bc-556c163821f9',1,'Blue Admin API Role Management System'),
 (2,'Open BTM','0191c74f-d039-71c6-a3be-66e2571a9cf1',1,'Open Blue Test Management System');
INSERT INTO "roles" ("id","name","description","active","app_id") VALUES (1,'superuser','Have Access to everything',1,1),
 (2,'standard','Have Access to Limited Features',1,1),
 (3,'administrator','Have Access System Admin Privileges',1,1),
 (4,'app_role','Have App CURD abilities',1,1),
 (5,'Anonymous','For Pages that do not need user sign in',1,1),
 (6,'Drop Down ','To access Drop Down menu fetching  endpoints',1,1),
 (7,'ProjectManager','Create and View Project Data ( like sprint, requirement, tests and issues)',1,2),
 (8,'ProductOwner','Can Add,Update and Delete  Sprints and Requirements ( View tests, test sets and issues)',1,2),
 (9,'QAT','Create Update and Delete ( tests, test sets and issues) /View requirements',1,2),
 (10,'Developer','Can View Dashboard of test, test sets & results  ( Update issue status with remarks) ',1,2),
 (11,'superbtm','Have Access to All Data on Blue BTM',1,2);
INSERT INTO "users" ("id","email","password","date_registred","disabled","uuid") VALUES (1,'superuser@mail.com','0f275dc9c1d5dc931cacc9fe89c52be4ad20eca45f5d049532414dffafb706a16e6eb0181a80c5c5a5535c3a88db9574e51dbe5d7118f18cd9b896f5ececae0e','2024-08-15 12:21:23',0,'019155fc-4d06-7545-802d-39f245382518'),
 (2,'standarduser@mail.com','089925fe07a4819e2f032fc4e7b6c1e191dc5d59dbf0bd6b7857a87ef1f7e5c6915ce7ca93f74b136417e362752f81ac5258f2f0be890eff3b7f7679e2cc1b7a','2024-08-29 05:26:41',0,'1323b2d9-5755-4e4c-9af5-93c17f59e6fd'),
 (3,'adminuser@mail.com','089925fe07a4819e2f032fc4e7b6c1e191dc5d59dbf0bd6b7857a87ef1f7e5c6915ce7ca93f74b136417e362752f81ac5258f2f0be890eff3b7f7679e2cc1b7a','2024-08-29 05:26:41',0,'12bc4954-487b-4263-8bdc-cacbf720f623'),
 (4,'superbtm@mail.com','0f275dc9c1d5dc931cacc9fe89c52be4ad20eca45f5d049532414dffafb706a16e6eb0181a80c5c5a5535c3a88db9574e51dbe5d7118f18cd9b896f5ececae0e','2024-09-06 13:10:08',1,'0191c774-d4a3-7c60-953c-dcb8ebe12eea'),
 (5,'testuser12@mail.com','0f275dc9c1d5dc931cacc9fe89c52be4ad20eca45f5d049532414dffafb706a16e6eb0181a80c5c5a5535c3a88db9574e51dbe5d7118f18cd9b896f5ececae0e','2024-09-09 08:48:35',1,'0191d5f8-73d3-7d36-8692-7d803b024fc8'),
 (6,'secondbtm@mail.com','0f275dc9c1d5dc931cacc9fe89c52be4ad20eca45f5d049532414dffafb706a16e6eb0181a80c5c5a5535c3a88db9574e51dbe5d7118f18cd9b896f5ececae0e','2024-09-12 12:01:34',1,'0191e61c-35e1-7c48-a72d-8e09e89f0dd0');
INSERT INTO "user_roles" ("user_id","role_id") VALUES (1,1),
 (2,2),
 (3,3),
 (3,4),
 (3,5),
 (3,2),
 (1,11),
 (4,11),
 (6,8);
INSERT INTO "pages" ("id","name","active","description") VALUES (1,'Login',1,'Login'),
 (2,'Home',1,'Home'),
 (3,'Role',1,'View Roles'),
 (4,'User',1,'View Users'),
 (5,'Page',1,'View Pages'),
 (6,'Feature',1,'View Features'),
 (7,'Endpoint',1,'View Endpoints'),
 (8,'App',1,'View Apps'),
 (9,'Sign Up',1,'Sign Up Page For users Who have not registered');
INSERT INTO "page_roles" ("page_id","role_id") VALUES (1,5),
 (5,3),
 (2,5),
 (3,3),
 (3,1),
 (2,1),
 (1,1),
 (4,2),
 (4,3),
 (4,1),
 (5,2),
 (5,1),
 (6,1),
 (6,2),
 (6,3),
 (7,1),
 (7,3),
 (8,1),
 (8,3),
 (7,2),
 (3,2),
 (8,2),
 (2,2),
 (9,1),
 (1,4),
 (2,4),
 (3,4);
INSERT INTO "features" ("id","name","description","active","role_id") VALUES (1,'role_read','View List of Roles',1,2),
 (2,'role_write','Privilege to Update ,Create, View and Delete Role ',1,3),
 (3,'user_read','View List of Users',1,2),
 (4,'user_write','Privilege to Update ,Create, View and Delete User ',1,3),
 (5,'page_read','View List of Pages',1,2),
 (6,'page_write','Privilege to Update ,Create, View and Delete Page ',1,3),
 (7,'app_read','View List of Apps',1,2),
 (8,'app_write','Privilege to Update ,Create, View and Delete App ',1,4),
 (9,'endpoint_read','View List of Endpoints',1,2),
 (10,'endpoint_write','Privilege to Update ,Create, View and Delete EndPoint ',1,3),
 (11,'feature_read','View List of Features',1,2),
 (12,'features_write','Privilege to Update ,Create, View and Delete Feature ',1,3),
 (13,'login','Endpoints that can be accessed with out Logging In',1,5),
 (14,'drop_down','Endpoints that fetch Drowns ',0,6),
 (15,'app_role_read','Read Privileges for Apps to Communicate with API Calls',1,4),
 (16,'app_role_write',' Write Privileges for Apps the Communicate with API Calls',1,4);
INSERT INTO "endpoints" ("id","name","route_path","method","description","feature_id") VALUES (1,'swagger_routes_get','/docs/*','GET','swagger_routes-GET',NULL),
 (2,'custom_metrics_route_get','/lmetrics','GET','custom_metrics_route-GET',NULL),
 (3,'get_all_roles_get','/api/v1/role','GET','get_all_roles-GET',1),
 (4,'get_one_roles_get','/api/v1/role/:role_id','GET','get_one_roles-GET',1),
 (5,'drop_roles_get','/api/v1/droproles','GET','drop_roles-GET',14),
 (6,'roles_endpoints_get','/api/v1/role_endpoints','GET','roles_endpoints-GET',1),
 (7,'get_all_apps_get','/api/v1/app','GET','get_all_apps-GET',7),
 (8,'get_one_apps_get','/api/v1/app/:app_id','GET','get_one_apps-GET',7),
 (9,'get_app_roles_uuid_get','/api/v1/appruid/:app_uuid','GET','get_app_roles_uuid-GET',15),
 (10,'get_all_users_get','/api/v1/user','GET','get_all_users-GET',3),
 (11,'get_one_users_get','/api/v1/user/:user_id','GET','get_one_users-GET',3),
 (12,'get_one_user_uuid_get','/api/v1/useruuid','GET','get_one_user_uuid-GET',15),
 (13,'get_appusers_uuid_get','/api/v1/appuser','GET','get_appusers_uuid-GET',15),
 (14,'get_one_appuser_by_app_id_get','/api/v1/appuser/:user_id','GET','get_one_appuser_by_app_id-GET',15),
 (15,'get_all_features_get','/api/v1/feature','GET','get_all_features-GET',11),
 (16,'get_one_features_get','/api/v1/feature/:feature_id','GET','get_one_features-GET',11),
 (17,'drop_features_get','/api/v1/featuredrop','GET','drop_features-GET',14),
 (18,'get_all_endpoints_get','/api/v1/endpoint','GET','get_all_endpoints-GET',9),
 (19,'get_one_endpoint_get','/api/v1/endpoint/:endpoint_id','GET','get_one_endpoint-GET',9),
 (20,'get_all_pages_get','/api/v1/page','GET','get_all_pages-GET',5),
 (21,'get_one_pages_get','/api/v1/page/:page_id','GET','get_one_pages-GET',5),
 (22,'check_login_get','/api/v1/checklogin','GET','check_login-GET',13),
 (23,'drop_endpoints_get','/api/v1/endpointdrop','GET','drop_endpoints-GET',14),
 (24,'drop_sppd_get','/api/v1/appsdrop','GET','drop_sppd-GET',14),
 (25,'send_email_get','/api/v1/email','GET','send_email-GET',NULL),
 (26,'get_all_jwtsalts_get','/api/v1/jwtsalt','GET','get_all_jwtsalts-GET',15),
 (27,'dashboard_one_get','/api/v1/dashboard','GET','dashboard_one-GET',13),
 (28,'dashboard_two_get','/api/v1/dashboardends','GET','dashboard_two-GET',13),
 (29,'dashboard_three_get','/api/v1/dashboardfeat','GET','dashboard_three-GET',13),
 (30,'dashboard_four_get','/api/v1/dashboardpages','GET','dashboard_four-GET',13),
 (31,'dashboard_five_get','/api/v1/dashboardroles','GET','dashboard_five-GET',13),
 (32,'dashboard_six_get','/api/v1/dashboardrolespage','GET','dashboard_six-GET',13),
 (33,'post_role_post','/api/v1/role','POST','post_role-POST',2),
 (34,'add_userrole_post','/api/v1/userrole/:user_id/:role_id','POST','add_userrole-POST',4),
 (35,'post_app_post','/api/v1/app','POST','post_app-POST',8),
 (36,'post_user_post','/api/v1/user','POST','post_user-POST',4),
 (37,'add_roleuser_post','/api/v1/roleuser/:role_id/:user_id','POST','add_roleuser-POST',4),
 (38,'add_approleuser_post','/api/v1/approleuser/:role_id/:user_id','POST','add_approleuser-POST',16),
 (39,'post_feature_post','/api/v1/feature','POST','post_feature-POST',12),
 (40,'post_endpoint_post','/api/v1/endpoint','POST','post_endpoint-POST',10),
 (41,'post_page_post','/api/v1/page','POST','post_page-POST',6),
 (42,'add_rolepage_post','/api/v1/rolepage/:role_id/:page_id','POST','add_rolepage-POST',2),
 (43,'login_route_post','/api/v1/login','POST','login_route-POST',13),
 (44,'activate_deactivate_role_put','/api/v1/roles/:role_id','PUT','activate_deactivate_role-PUT',2),
 (45,'activate_deactivate_user_put','/api/v1/user/:user_id','PUT','activate_deactivate_user-PUT',4),
 (46,'change_reset_password_put','/api/v1/user','PUT','change_reset_password-PUT',4),
 (47,'activate_deactivate_features_put','/api/v1/feature/:feature_id','PUT','activate_deactivate_features-PUT',12),
 (48,'delete_role_delete','/api/v1/role/:role_id','DELETE','delete_role-DELETE',2),
 (49,'delete_userrole_delete','/api/v1/userrole/:user_id/:role_id','DELETE','delete_userrole-DELETE',4),
 (50,'delete_featurerole_delete','/api/v1/featurerole/:feature_id','DELETE','delete_featurerole-DELETE',2),
 (51,'delete_app_delete','/api/v1/app/:app_id','DELETE','delete_app-DELETE',8),
 (52,'delete_roleapp_delete','/api/v1/approle/:role_id','DELETE','delete_roleapp-DELETE',8),
 (53,'delete_user_delete','/api/v1/user/:user_id','DELETE','delete_user-DELETE',4),
 (54,'delete_app_user_delete','/api/v1/appuser/:user_id','DELETE','delete_app_user-DELETE',16),
 (55,'delete_roleuser_delete','/api/v1/roleuser/:role_id/:user_id','DELETE','delete_roleuser-DELETE',4),
 (56,'delete_approleuser_delete','/api/v1/approleuser/:role_id/:user_id','DELETE','delete_approleuser-DELETE',16),
 (57,'delete_feature_delete','/api/v1/feature/:feature_id','DELETE','delete_feature-DELETE',12),
 (58,'delete_endpointfeature_delete','/api/v1/endpointfeature/:endpoint_id','DELETE','delete_endpointfeature-DELETE',12),
 (59,'delete_endpoint_delete','/api/v1/endpoint/:endpoint_id','DELETE','delete_endpoint-DELETE',10),
 (60,'delete_page_delete','/api/v1/page/:page_id','DELETE','delete_page-DELETE',6),
 (61,'delete_rolepage_delete','/api/v1/rolepage/:role_id/:page_id','DELETE','delete_rolepage-DELETE',2),
 (62,'patch_role_patch','/api/v1/role/:role_id','PATCH','patch_role-PATCH',2),
 (63,'add_featurerole_patch','/api/v1/featurerole/:feature_id','PATCH','add_featurerole-PATCH',2),
 (64,'patch_app_patch','/api/v1/app/:app_id','PATCH','patch_app-PATCH',8),
 (65,'add_roleapp_patch','/api/v1/approle/:role_id','PATCH','add_roleapp-PATCH',8),
 (66,'patch_user_patch','/api/v1/user/:user_id','PATCH','patch_user-PATCH',4),
 (67,'patch_feature_patch','/api/v1/feature/:feature_id','PATCH','patch_feature-PATCH',12),
 (68,'add_endpointfeature_patch','/api/v1/endpointfeature/:endpoint_id','PATCH','add_endpointfeature-PATCH',12),
 (69,'patch_endpoint_patch','/api/v1/endpoint/:endpoint_id','PATCH','patch_endpoint-PATCH',10),
 (70,'patch_page_patch','/api/v1/page/:page_id','PATCH','patch_page-PATCH',6);
INSERT INTO "jwt_salts" ("id","salt_a","salt_b") VALUES (1,'pJ6PRT5o8O1phuvR9Nspa0MZM','wTULWqyYJwStvy0UX2Rm9lCQH');
COMMIT;
